clusterID	RANK	DB	ID	ALT_ID	CONSENSUS	TP	TP%	FP	FP%	ENR_RATIO	SCORE_THR	PVALUE	LOG_PVALUE	EVALUE	LOG_EVALUE	 QVALUE	 LOG_QVALUE 
WD	1	motif_db/HUMAN/HOCOMOCOv11_full_HUMAN_mono_meme_format.meme	PATZ1_HUMAN.H11MO.0.C		GGGGMGGGGGMKGGRRVGGVRG	87	46.52	15	8.02	5.5	12	6.01E-18	-39.65	4.6 2E-15	-33.01	2.5E-15	
WD	2	motif_db/HUMAN/HOCOMOCOv11_full_HUMAN_mono_meme_format.meme	KLF16_HUMAN.H11MO.0.D		GGGGGYGKGKBGGGGGGGG	63	33.69	9	4.81	6.4	13	1.76E-13	-29.37	1.3 5e-10	-22.72	3.59E-11	-24.05
WD	3	motif_db/HUMAN/HOCOMOCOv11_full_HUMAN_mono_meme_format.meme	MAZ_HUMAN.H11MO.0.A		GGGGGAGGGGGDGRGRRRGRRG	130	69.52	60	32.09	2.15	11	2.59E-13	-28.98	1.9 9e-10	-22.34	3.59E-11	-24.05
WD	4	motif_db/HUMAN/HOCOMOCOv11_full_HUMAN_mono_meme_format.meme	WT1_HUMAN.H11MO.0.C		RGGVGGGGGAGGRGGVGGRG	87	46.52	25	13.37	3.38	12	1.05E-12	-27.58	8.0 7e-10	-20.94	1.09E-10	-22.94
WD	5	motif_db/HUMAN/HOCOMOCOv11_full_HUMAN_mono_meme_format.meme	ZN770_HUMAN.H11MO.0.C		GGGAGGCYGAGGBRGGAGGATC	47	25.13	4	2.14	9.6	15	7.28E-12	-25.65	5.6 0e-9	-19	6.06E-10	-21.22
WD	6	motif_db/HUMAN/HOCOMOCOv11_full_HUMAN_mono_meme_format.meme	TBX15_HUMAN.H11MO.0.D		GGGGGGGGGGGGGTGGGDR	125	66.84	62	33.16	2	10	4.85E-11	-23.75	3.7 3e-8	-17.1	0.00000000336	-19.51
WD	7	motif_db/HUMAN/HOCOMOCOv11_full_HUMAN_mono_meme_format.meme	ZN467_HUMAN.H11MO.0.C		GGGGAGGGGRRGGRGRRGGRRR	140	74.87	80	42.78	1.74	9.5	1.92E-10	-22.37	1.4 8e-7	-15.73	0.0000000109	-18.34
WD	8	motif_db/HUMAN/HOCOMOCOv11_full_HUMAN_mono_meme_format.meme	SP3_HUMAN.H11MO.0.B		SGVVGGGGGCGGGGCBRGSS	57	30.48	11	5.88	4.83	13	2.09E-10	-22.29	1.6 1e-7	-15.64	0.0000000109	-18.34
WD	9	motif_db/HUMAN/HOCOMOCOv11_full_HUMAN_mono_meme_format.meme	KLF15_HUMAN.H11MO.0.A		RGGGMGGRGVDGGGGGRGG	55	29.41	11	5.88	4.67	14	8.08E-10	-20.94	6.2 1e-7	-14.29	0.0000000336	-17.21
WD	10	motif_db/HUMAN/HOCOMOCOv11_full_HUMAN_mono_meme_format.meme	ZN148_HUMAN.H11MO.0.D		KGRGKGGGGGAGGGG	55	29.41	11	5.88	4.67	13	8.08E-10	-20.94	0.000000621	-14 .29	0.0000000336	-17.21
ED	1	motif_db/HUMAN/HOCOMOCOv11_full_HUMAN_mono_meme_format.meme	ZN770_HUMAN.H11MO.0.C		GGGAGGCYGAGGBRGGAGGATC	2840	42.36	63	0.94	44.4	16	6.05e-743	-1709.02	4.65e-740	-1702.38	4.65e-740	-1702.38
ED	2	motif_db/HUMAN/HOCOMOCOv11_full_HUMAN_mono_meme_format.meme	ZN121_HUMAN.H11MO.0.C		CTGGGCAACABAGYRAGACC	2356	35.14	46	0.69	50.1	15	2.64e-625	-1438.15	2.03e-622	-1431.5	2.03e-622	-1431.5
ED	3	motif_db/HUMAN/HOCOMOCOv11_full_HUMAN_mono_meme_format.meme	ZN770_HUMAN.H11MO.1.C		DGGAGGCYGRG	1948	29.05	64	0.95	30	15	9.31e-484	-1112.22	7.16e-481	-1105.57	7.16e-481	-1105.57
ED	4	motif_db/HUMAN/HOCOMOCOv11_full_HUMAN_mono_meme_format.meme	PAX5_HUMAN.H11MO.0.A		SCSKGGGCARCVRAGCGWGAC	2108	31.44	128	1.91	16.3	15	1.74e-461	-1060.94	1.34e-458	-1054.29	1.34e-458	-1054.29
ED	5	motif_db/HUMAN/HOCOMOCOv11_full_HUMAN_mono_meme_format.meme	PITX2_HUMAN.H11MO.0.D		TKGGATTAVH	2198	32.78	309	4.61	7.09	13	1.03e-349	-803.57	7.93e-347	-796.93	7.93e-347	-796.93
ED	6	motif_db/HUMAN/HOCOMOCOv11_full_HUMAN_mono_meme_format.meme	MAZ_HUMAN.H11MO.0.A		GGGGGAGGGGGDGRGRRRGRRG	2264	33.77	531	7.92	4.26	13	7.51E-253	-580.54	5.78E-250	-573.89	2.46E-251	-577.05
ED	7	motif_db/HUMAN/HOCOMOCOv11_full_HUMAN_mono_meme_format.meme	SP2_HUMAN.H11MO.0.A		GGSSVGGGGGCGGGGCCDGSGS	1437	21.43	207	3.09	6.91	16	2.52E-226	-519.46	1.94E-223	-512.81	7.09E-225	-516.12
ED	8	motif_db/HUMAN/HOCOMOCOv11_full_HUMAN_mono_meme_format.meme	ZN467_HUMAN.H11MO.0.C		GGGGAGGGGRRGGRGRRGGRRR	3055	45.56	1058	15.78	2.89	11	2.56E-221	-507.93	1.97E-218	-501.29	6.28E-220	-504.73
ED	9	motif_db/HUMAN/HOCOMOCOv11_full_HUMAN_mono_meme_format.meme	THA_HUMAN.H11MO.0.C		RGGTCABYTSAGGTCAK	947	14.12	46	0.69	20.2	15	1.29E-219	-504.01	9.96E-217	-497.36	2.83E-218	-500.92
ED	10	motif_db/HUMAN/HOCOMOCOv11_full_HUMAN_mono_meme_format.meme	SP1_HUMAN.H11MO.0.A		VGGGGGCGGGGCCKGGGGGGGG	1620	24.16	309	4.61	5.23	13	8.12E-214	-490.66	6.25E-211	-484.01	1.6E-212	-487.68
SD	1	motif_db/HUMAN/HOCOMOCOv11_full_HUMAN_mono_meme_format.meme	ZN770_HUMAN.H11MO.0.C		GGGAGGCYGAGGBRGGAGGATC	2174	35.68	45	0.74	47.3	18	7.28e-674	-1549.96	5.60e-671	-1543.31	5.60e-671	-1543.31
SD	2	motif_db/HUMAN/HOCOMOCOv11_full_HUMAN_mono_meme_format.meme	ZN121_HUMAN.H11MO.0.C		CTGGGCAACABAGYRAGACC	1731	28.41	30	0.49	55.9	16	1.72e-526	-1210.62	1.32e-523	-1203.98	1.32e-523	-1203.98
SD	3	motif_db/HUMAN/HOCOMOCOv11_full_HUMAN_mono_meme_format.meme	ZN770_HUMAN.H11MO.1.C		DGGAGGCYGRG	1986	32.59	269	4.41	7.36	15	7.14e-388	-891.44	5.49e-385	-884.79	5.49e-385	-884.79
SD	4	motif_db/HUMAN/HOCOMOCOv11_full_HUMAN_mono_meme_format.meme	PAX5_HUMAN.H11MO.0.A		SCSKGGGCARCVRAGCGWGAC	1937	31.79	332	5.45	5.82	14	9.80e-332	-762.18	7.5 3e-329	-755.53	7.53e-329	-755.53
SD	5	motif_db/HUMAN/HOCOMOCOv11_full_HUMAN_mono_meme_format.meme	PITX2_HUMAN.H11MO.0.D		TKGGATTAVH	1772	29.08	433	7.11	4.09	13	8.13E-231	-529.8	6.25E-228	-523.16	4.15E-229	-525.87
SD	6	motif_db/HUMAN/HOCOMOCOv11_full_HUMAN_mono_meme_format.meme	TBX15_HUMAN.H11MO.0.D		GGGGGGGGGGGGGTGGGDR	3147	51.65	1521	24.96	2.07	11	6.25E-205	-470.2	4.8 1e-202	-463.55	2.66E-203	-466.45
SD	7	motif_db/HUMAN/HOCOMOCOv11_full_HUMAN_mono_meme_format.meme	MAZ_HUMAN.H11MO.0.A		GGGGGAGGGGGDGRGRRRGRRG	4059	66.62	2388	39.19	1.7	9.7	1.09E-204	-469.64	8.3 9e-202	-463	3.98E-203	-466.04
SD	8	motif_db/HUMAN/HOCOMOCOv11_full_HUMAN_mono_meme_format.meme	ZN467_HUMAN.H11MO.0.C		GGGGAGGGGRRGGRGRRGGRRR	2775	45.54	1243	20.4	2.23	11	3.25E-195	-447.83	2.5 0e-192	-441.18	1.04E-193	-444.36
SD	9	motif_db/HUMAN/HOCOMOCOv11_full_HUMAN_mono_meme_format.meme	KLF15_HUMAN.H11MO.0.A		RGGGMGGRGVDGGGGGRGG	2557	41.97	1141	18.73	2.24	12	1.17E-174	-400.49	9.0 3e-172	-393.84	3.33E-173	-397.14
SD	10	motif_db/HUMAN/HOCOMOCOv11_full_HUMAN_mono_meme_format.meme	VEZF1_HUMAN.H11MO.0.C		GGRRRRGRRGGAGGGGGRGRRR	3098	50.85	1612	26.46	1.92	11	1.8E-170	-390.85	1.3 8e-167	-384.21	4.59E-169	-387.61
PD	1	motif_db/HUMAN/HOCOMOCOv11_full_HUMAN_mono_meme_format.meme	ZN121_HUMAN.H11MO.0.C		CTGGGCAACABAGYRAGACC	294	25.79	21	1.84	13.4	14	2.42E-61	-139.58	1.8 6e-58	-132.93	9.19E-59	-133.63
PD	2	motif_db/HUMAN/HOCOMOCOv11_full_HUMAN_mono_meme_format.meme	ZN770_HUMAN.H11MO.1.C		DGGAGGCYGRG	300	26.32	33	2.89	8.85	14	1.16E-53	-121.88	8.96E-51	-115.24	2.22E-51	-116.64
PD	3	motif_db/HUMAN/HOCOMOCOv11_full_HUMAN_mono_meme_format.meme	ZN467_HUMAN.H11MO.0.C		GGGGAGGGGRRGGRGRRGGRRR	396	34.74	107	9.39	3.68	13	1.68E-38	-86.98	1.2 9e-35	-80.33	2.14E-36	-82.13
PD	4	motif_db/HUMAN/HOCOMOCOv11_full_HUMAN_mono_meme_format.meme	SP1_HUMAN.H11MO.0.A		VGGGGGCGGGGCCKGGGGGGGG	552	48.42	206	18.07	2.67	10	1.91E-35	-79.94	1.4 7e-32	-73.3	1.82E-33	-75.39
PD	5	motif_db/HUMAN/HOCOMOCOv11_full_HUMAN_mono_meme_format.meme	ZN770_HUMAN.H11MO.0.C		GGGAGGCYGAGGBRGGAGGATC	609	53.42	243	21.32	2.5	10	5.16E-35	-78.95	3.9 7e-32	-72.3	3.93E-33	-74.62
PD	6	motif_db/HUMAN/HOCOMOCOv11_full_HUMAN_mono_meme_format.meme	WT1_HUMAN.H11MO.0.C		RGGVGGGGGAGGRGGVGGRG	327	28.68	82	7.19	3.95	14	1.73E-34	-77.74	1.3 3e-31	-71.1	1.09E-32	-73.59
PD	7	motif_db/HUMAN/HOCOMOCOv11_full_HUMAN_mono_meme_format.meme	MAZ_HUMAN.H11MO.0.A		GGGGGAGGGGGDGRGRRRGRRG	410	35.96	127	11.14	3.21	13	2.89E-34	-77.23	2.2 2e-31	-70.58	1.57E-32	-73.23
PD	8	motif_db/HUMAN/HOCOMOCOv11_full_HUMAN_mono_meme_format.meme	SP2_HUMAN.H11MO.0.A		GGSSVGGGGGCGGGGCCDGSGS	500	43.86	180	15.79	2.77	13	5.11E-34	-76.66	3.9 3e-31	-70.01	2.43E-32	-72.79
PD	9	motif_db/HUMAN/HOCOMOCOv11_full_HUMAN_mono_meme_format.meme	KLF15_HUMAN.H11MO.0.A		RGGGMGGRGVDGGGGGRGG	530	46.49	199	17.46	2.65	12	8.55E-34	-76.14	6.5 8e-31	-69.5	3.62E-32	-72.4
PD	10	motif_db/HUMAN/HOCOMOCOv11_full_HUMAN_mono_meme_format.meme	PATZ1_HUMAN.H11MO.0.C		GGGGMGGGGGMKGGRRVGGVRG	552	48.42	225	19.74	2.45	12	8.62E-31	-69.23	6.6 3e-28	-62.58	3.28E-29	-65.59
BD	1	motif_db/HUMAN/HOCOMOCOv11_full_HUMAN_mono_meme_format.meme	WT1_HUMAN.H11MO.0.C		RGGVGGGGGAGGRGGVGGRG	169	48.56	45	12.93	3.7	12	4.76E-17	-37.58	3.6 6e-14	-30.94	2.1E-14	-31.5
BD	2	motif_db/HUMAN/HOCOMOCOv11_full_HUMAN_mono_meme_format.meme	PATZ1_HUMAN.H11MO.0.C		GGGGMGGGGGMKGGRRVGGVRG	135	38.79	30	8.62	4.39	12	2.85E-16	-35.79	2.1 9e-13	-29.15	6.29E-14	-30.4
BD	3	motif_db/HUMAN/HOCOMOCOv11_full_HUMAN_mono_meme_format.meme	ZN467_HUMAN.H11MO.0.C		GGGGAGGGGRRGGRGRRGGRRR	173	49.71	52	14.94	3.28	12	2.26E-15	-33.72	1.7 4e-12	-27.08	3.33E-13	-28.73
BD	4	motif_db/HUMAN/HOCOMOCOv11_full_HUMAN_mono_meme_format.meme	ZN121_HUMAN.H11MO.0.C		CTGGGCAACABAGYRAGACC	59	16.95	4	1.15	12	12	2.73E-13	-28.93	2.1 0e-10	-22.28	3.01E-11	-24.23
BD	5	motif_db/HUMAN/HOCOMOCOv11_full_HUMAN_mono_meme_format.meme	SP2_HUMAN.H11MO.0.A		GGSSVGGGGGCGGGGCCDGSGS	129	37.07	36	10.34	3.51	13	8.78E-13	-27.76	6.7 5e-10	-21.12	7.74E-11	-23.28
BD	6	motif_db/HUMAN/HOCOMOCOv11_full_HUMAN_mono_meme_format.meme	ZN770_HUMAN.H11MO.0.C		GGGAGGCYGAGGBRGGAGGATC	108	31.03	27	7.76	3.89	12	4.29E-12	-26.18	3.3 0e-9	-19.53	3.15E-10	-21.88
BD	7	motif_db/HUMAN/HOCOMOCOv11_full_HUMAN_mono_meme_format.meme	MAZ_HUMAN.H11MO.0.A		GGGGGAGGGGGDGRGRRRGRRG	145	41.67	50	14.37	2.86	12	3.4E-11	-24.1	2.6 2e-8	-17.46	0.00000000214	-19.96
BD	8	motif_db/HUMAN/HOCOMOCOv11_full_HUMAN_mono_meme_format.meme	VEZF1_HUMAN.H11MO.0.C		GGRRRRGRRGGAGGGGGRGRRR	189	54.31	78	22.41	2.41	11	6.65E-11	-23.43	5.1 1e-8	-16.79	0.00000000366	-19.42
BD	9	motif_db/HUMAN/HOCOMOCOv11_full_HUMAN_mono_meme_format.meme	KLF15_HUMAN.H11MO.0.A		RGGGMGGRGVDGGGGGRGG	195	56.03	85	24.43	2.28	11	3.17E-10	-21.87	2.4 4e-7	-15.23	0.0000000155	-17.98
BD	10	motif_db/HUMAN/HOCOMOCOv11_full_HUMAN_mono_meme_format.meme	ZN263_HUMAN.H11MO.0.A		GGGAGGAGGRRGRGGRGGRR	174	50	75	21.55	2.3	11	0.00000000182	-20.12	0.0000014	-13 .48	0.0000000803	-16.34
AD	1	motif_db/HUMAN/HOCOMOCOv11_full_HUMAN_mono_meme_format.meme	ZN770_HUMAN.H11MO.0.C		GGGAGGCYGAGGBRGGAGGATC	971	45.31	62	2.89	15.4	15	6.26E-267	-612.96	4.8 1e-264	-606.31	1.75E-264	-607.32
AD	2	motif_db/HUMAN/HOCOMOCOv11_full_HUMAN_mono_meme_format.meme	ZN121_HUMAN.H11MO.0.C		CTGGGCAACABAGYRAGACC	861	40.18	52	2.43	16.3	12	1.22E-232	-534	9.4 2e-230	-527.35	1.71E-230	-529.06
AD	3	motif_db/HUMAN/HOCOMOCOv11_full_HUMAN_mono_meme_format.meme	ZN770_HUMAN.H11MO.1.C		DGGAGGCYGRG	790	36.86	91	4.25	8.6	14	1.88E-171	-393.11	1.45E-168	-386.47	1.75E-169	-388.58
AD	4	motif_db/HUMAN/HOCOMOCOv11_full_HUMAN_mono_meme_format.meme	PAX5_HUMAN.H11MO.0.A		SCSKGGGCARCVRAGCGWGAC	928	43.3	165	7.7	5.6	12	1.24E-169	-388.92	9.5 4e-167	-382.28	8.66E-168	-384.68
AD	5	motif_db/HUMAN/HOCOMOCOv11_full_HUMAN_mono_meme_format.meme	PITX2_HUMAN.H11MO.0.D		TKGGATTAVH	741	34.58	164	7.65	4.5	13	5.57E-110	-251.57	4.28E-107	-244.92	3.11E-108	-247.54
AD	6	motif_db/HUMAN/HOCOMOCOv11_full_HUMAN_mono_meme_format.meme	TBX15_HUMAN.H11MO.0.D		GGGGGGGGGGGGGTGGGDR	1179	55.02	502	23.43	2.35	10	1.02E-101	-232.54	7.8 3e-99	-225.9	4.74E-100	-228.7
AD	7	motif_db/HUMAN/HOCOMOCOv11_full_HUMAN_mono_meme_format.meme	MAZ_HUMAN.H11MO.0.A		GGGGGAGGGGGDGRGRRRGRRG	1206	56.28	548	25.57	2.2	10	1.2E-94	-216.26	9.2 5e-92	-209.61	4.8E-93	-212.57
AD	8	motif_db/HUMAN/HOCOMOCOv11_full_HUMAN_mono_meme_format.meme	KLF15_HUMAN.H11MO.0.A		RGGGMGGRGVDGGGGGRGG	842	39.29	270	12.6	3.11	12	1.15E-91	-209.39	8.8 7e-89	-202.75	4.03E-90	-205.84
AD	9	motif_db/HUMAN/HOCOMOCOv11_full_HUMAN_mono_meme_format.meme	VEZF1_HUMAN.H11MO.0.C		GGRRRRGRRGGAGGGGGRGRRR	1437	67.06	834	38.92	1.72	9.4	4.05E-77	-175.9	3.1 1e-74	-169.26	1.26E-75	-172.47
AD	10	motif_db/HUMAN/HOCOMOCOv11_full_HUMAN_mono_meme_format.meme	ZN467_HUMAN.H11MO.0.C		GGGGAGGGGRRGGRGRRGGRRR	867	40.46	333	15.54	2.6	11	1.01E-75	-172.69	7.7 5e-73	-166.04	2.81E-74	-169.36
AS	1	motif_db/HUMAN/HOCOMOCOv11_full_HUMAN_mono_meme_format.meme	ZN121_HUMAN.H11MO.0.C		CTGGGCAACABAGYRAGACC	66	45.21	1	0.68	33.5	15	3.98E-23	-51.58	3.06E-20	-44.93	1.45E-20	-45.68
AS	2	motif_db/HUMAN/HOCOMOCOv11_full_HUMAN_mono_meme_format.meme	SP2_HUMAN.H11MO.0.A		GGSSVGGGGGCGGGGCCDGSGS	143	97.95	77	52.74	1.85	9.9	6.71E-22	-48.75	5.16E-19	-42.11	1.22E-19	-43.55
AS	3	motif_db/HUMAN/HOCOMOCOv11_full_HUMAN_mono_meme_format.meme	ZBT17_HUMAN.H11MO.0.A		SRRGGWGGGGGAGGGGMRR	117	80.14	38	26.03	3.03	11	2.91E-21	-47.29	2.24E-18	-40.64	3.53E-19	-42.49
AS	4	motif_db/HUMAN/HOCOMOCOv11_full_HUMAN_mono_meme_format.meme	ZN770_HUMAN.H11MO.0.C		GGGAGGCYGAGGBRGGAGGATC	61	41.78	1	0.68	31	23	5.77E-21	-46.6	4.44E-18	-39.96	5.25E-19	-42.09
AS	5	motif_db/HUMAN/HOCOMOCOv11_full_HUMAN_mono_meme_format.meme	PATZ1_HUMAN.H11MO.0.C		GGGGMGGGGGMKGGRRVGGVRG	136	93.15	67	45.89	2.01	10	7.1E-20	-44.09	5.46E-17	-37.45	5.17E-18	-39.8
AS	6	motif_db/HUMAN/HOCOMOCOv11_full_HUMAN_mono_meme_format.meme	ZN770_HUMAN.H11MO.1.C		DGGAGGCYGRG	65	44.52	4	2.74	13.2	15	3.86E-19	-42.4	2.96E-16	-35.75	2.34E-17	-38.29
AS	7	motif_db/HUMAN/HOCOMOCOv11_full_HUMAN_mono_meme_format.meme	KLF16_HUMAN.H11MO.0.D		GGGGGYGKGKBGGGGGGGG	106	72.6	34	23.29	3.06	12	9.82E-18	-39.16	7.55E-15	-32.52	4.47E-16	-35.34
AS	8	motif_db/HUMAN/HOCOMOCOv11_full_HUMAN_mono_meme_format.meme	ZN467_HUMAN.H11MO.0.C		GGGGAGGGGRRGGRGRRGGRRR	106	72.6	34	23.29	3.06	11	9.82E-18	-39.16	7.55E-15	-32.52	4.47E-16	-35.34
AS	9	motif_db/HUMAN/HOCOMOCOv11_full_HUMAN_mono_meme_format.meme	SP1_HUMAN.H11MO.0.A		VGGGGGCGGGGCCKGGGGGGGG	124	84.93	55	37.67	2.23	8.1	2.58E-17	-38.2	1.98E-14	-31.55	1.04E-15	-34.5
AS	10	motif_db/HUMAN/HOCOMOCOv11_full_HUMAN_mono_meme_format.meme	WT1_HUMAN.H11MO.0.C		RGGVGGGGGAGGRGGVGGRG	80	54.79	15	10.27	5.06	14	7.1E-17	-37.18	5.46E-14	-30.54	2.59E-15	-33.59
SS	1	motif_db/HUMAN/HOCOMOCOv11_full_HUMAN_mono_meme_format.meme	ZN770_HUMAN.H11MO.0.C		GGGAGGCYGAGGBRGGAGGATC	2393	40.86	11	0.19	199	21	1.31e-828	-1906.27	1.01e-825	-1899.63	1.01e-825	-1899.63
SS	2	motif_db/HUMAN/HOCOMOCOv11_full_HUMAN_mono_meme_format.meme	ZN121_HUMAN.H11MO.0.C		CTGGGCAACABAGYRAGACC	2193	37.45	36	0.61	59.3	16	2.67e-700	-1610.83	2.05e-697	-1604.18	2.05e-697	-1604.18
SS	3	motif_db/HUMAN/HOCOMOCOv11_full_HUMAN_mono_meme_format.meme	ZN770_HUMAN.H11MO.1.C		DGGAGGCYGRG	2628	44.88	425	7.26	6.17	15	2.36e-509	-1171.16	1.82e-506	-1164.51	1.82e-506	-1164.51
SS	4	motif_db/HUMAN/HOCOMOCOv11_full_HUMAN_mono_meme_format.meme	PAX5_HUMAN.H11MO.0.A		SCSKGGGCARCVRAGCGWGAC	2499	42.67	442	7.55	5.64	15	8.36e-453	-1040.95	6.43e-450	-1034.3	6.43e-450	-1034.3
SS	5	motif_db/HUMAN/HOCOMOCOv11_full_HUMAN_mono_meme_format.meme	TBX15_HUMAN.H11MO.0.D		GGGGGGGGGGGGGTGGGDR	3851	65.76	1589	27.13	2.42	12	3.61e-394	-905.93	2.78e-391	-899.29	2.78e-391	-899.29
SS	6	motif_db/HUMAN/HOCOMOCOv11_full_HUMAN_mono_meme_format.meme	MAZ_HUMAN.H11MO.0.A		GGGGGAGGGGGDGRGRRRGRRG	3205	54.73	1186	20.25	2.7	14	3.12e-334	-767.93	2.40e-331	-761.28	2.40e-331	-761.28
SS	7	motif_db/HUMAN/HOCOMOCOv11_full_HUMAN_mono_meme_format.meme	ZN467_HUMAN.H11MO.0.C		GGGGAGGGGRRGGRGRRGGRRR	3146	53.72	1158	19.77	2.72	13	8.06e-327	-750.86	6.20e-324	-744.21	6.20e-324	-744.21
SS	8	motif_db/HUMAN/HOCOMOCOv11_full_HUMAN_mono_meme_format.meme	VEZF1_HUMAN.H11MO.0.C		GGRRRRGRRGGAGGGGGRGRRR	3170	54.13	1212	20.7	2.61	13	3.34e-314	-721.81	2.57e-311	-715.16	9.29e-313	-718.48
SS	9	motif_db/HUMAN/HOCOMOCOv11_full_HUMAN_mono_meme_format.meme	KLF15_HUMAN.H11MO.0.A		RGGGMGGRGVDGGGGGRGG	4217	72.01	2288	39.07	1.84	11	2.03E-287	-660.13	1.56E-284	-653.49	5.02E-286	-656.93
SS	10	motif_db/HUMAN/HOCOMOCOv11_full_HUMAN_mono_meme_format.meme	KLF16_HUMAN.H11MO.0.D		GGGGGYGKGKBGGGGGGGG	3515	60.02	1601	27.34	2.19	12	4.52E-284	-652.43	3.48E-281	-645.78	1.01E-282	-649.32
