Query_ID	Target_ID	Optimal_offset	p-value	E-value	q-value	Overlap	Query_consensus	Target_consensus	Orientation
1-GCCGCCGCCGCCGCS	TAF1_HUMAN.H11MO.0.A	-1	1.99331e-05	0.0153286	0.029859	14	GCCGCCGCCGCCGCC	CCGCCGCCGCCATCTT	-
1-GCCGCCGCCGCCGCS	SP2_HUMAN.H11MO.0.A	2	6.4784e-05	0.0498189	0.0354404	15	GCCGCCGCCGCCGCC	CCCCCGGCCCCGCCCCCCCCCC	-
1-GCCGCCGCCGCCGCS	SP3_HUMAN.H11MO.0.B	1	7.09775e-05	0.0545817	0.0354404	15	GCCGCCGCCGCCGCC	CCCCGGCCCCGCCCCCCCCC	-
1-GCCGCCGCCGCCGCS	SP1_HUMAN.H11MO.0.A	6	0.000170243	0.130917	0.0594175	15	GCCGCCGCCGCCGCC	CCCCCCCCCGGCCCCGCCCCCC	-
1-GCCGCCGCCGCCGCS	EGR1_HUMAN.H11MO.0.A	2	0.000198328	0.152514	0.0594175	15	GCCGCCGCCGCCGCC	CCCCCGCCCACGCCCTC	-
1-GCCGCCGCCGCCGCS	ZFX_HUMAN.H11MO.1.A	-1	0.000258967	0.199146	0.0626664	14	GCCGCCGCCGCCGCC	CCCCGGCCTCCGCCCCC	-
1-GCCGCCGCCGCCGCS	SP1_HUMAN.H11MO.1.A	-2	0.000292842	0.225195	0.0626664	13	GCCGCCGCCGCCGCC	CGGCCCCGCCCCCC	-
1-GCCGCCGCCGCCGCS	PATZ1_HUMAN.H11MO.0.C	2	0.000367587	0.282674	0.0658655	15	GCCGCCGCCGCCGCC	CCTCCCCCCCCGCCCCCTCCCC	-
1-GCCGCCGCCGCCGCS	KLF3_HUMAN.H11MO.0.B	0	0.000417739	0.321241	0.0658655	15	GCCGCCGCCGCCGCC	CCCGGCCCCGCCCCTCCCC	-
1-GCCGCCGCCGCCGCS	KLF1_HUMAN.H11MO.0.A	0	0.000475996	0.366041	0.0658655	14	GCCGCCGCCGCCGCC	CCCGGCCCCGCCCC	-
1-GCCGCCGCCGCCGCS	MYOD1_HUMAN.H11MO.0.A	0	0.000483671	0.371943	0.0658655	15	GCCGCCGCCGCCGCC	GCAGCTGTTCCTGCC	+
1-GCCGCCGCCGCCGCS	WT1_HUMAN.H11MO.0.C	4	0.000844545	0.649455	0.105425	15	GCCGCCGCCGCCGCC	CCCCCCCTCCTCCCCCGCCC	-
1-GCCGCCGCCGCCGCS	EGR4_HUMAN.H11MO.0.D	-1	0.00107412	0.826	0.122952	11	GCCGCCGCCGCCGCC	GCCCTGCCGCC	-
1-GCCGCCGCCGCCGCS	KLF16_HUMAN.H11MO.0.D	4	0.00114911	0.883667	0.122952	15	GCCGCCGCCGCCGCC	CCCCCCCCCCCCCGCCCCC	-
1-GCCGCCGCCGCCGCS	ZN770_HUMAN.H11MO.0.C	6	0.00127093	0.977348	0.12692	15	GCCGCCGCCGCCGCC	GATCCTCCCGCCTCAGCCTCCC	-
1-GCCGCCGCCGCCGCS	TBX15_HUMAN.H11MO.0.D	2	0.00146409	1.12589	0.137072	15	GCCGCCGCCGCCGCC	CCCCCACCCCCCCCCCCCC	-
1-GCCGCCGCCGCCGCS	MBD2_HUMAN.H11MO.0.B	-4	0.00161123	1.23904	0.137084	11	GCCGCCGCCGCCGCC	CCTCCGGCCCC	-
1-GCCGCCGCCGCCGCS	KLF9_HUMAN.H11MO.0.C	0	0.00164725	1.26673	0.137084	15	GCCGCCGCCGCCGCC	GGCCACGCCCCCTCC	-
1-GCCGCCGCCGCCGCS	ZN148_HUMAN.H11MO.0.D	1	0.00185223	1.42437	0.142607	14	GCCGCCGCCGCCGCC	CCCCTCCCCCACCCC	-
1-GCCGCCGCCGCCGCS	MAFA_HUMAN.H11MO.0.D	2	0.0019213	1.47748	0.142607	15	GCCGCCGCCGCCGCC	GTGCTGACCCCGCAGCCTTCG	+
1-GCCGCCGCCGCCGCS	EGR2_HUMAN.H11MO.1.A	2	0.00202417	1.55659	0.142607	14	GCCGCCGCCGCCGCC	CCCCCGCCCACGCCCC	-
1-GCCGCCGCCGCCGCS	SP4_HUMAN.H11MO.0.A	0	0.00214494	1.64946	0.142607	15	GCCGCCGCCGCCGCC	CCCGGCCCCGCCCCCTTCCC	-
1-GCCGCCGCCGCCGCS	ASCL1_HUMAN.H11MO.0.A	-1	0.00218961	1.68381	0.142607	14	GCCGCCGCCGCCGCC	CTGCACCTGCTCCC	+
1-GCCGCCGCCGCCGCS	MXI1_HUMAN.H11MO.0.A	0	0.0023351	1.79569	0.145745	15	GCCGCCGCCGCCGCC	CCCGCCGCCACGTGC	-
1-GCCGCCGCCGCCGCS	SP4_HUMAN.H11MO.1.A	1	0.00245258	1.88603	0.146954	15	GCCGCCGCCGCCGCC	CGGCCCCGCCCCCTCC	-
1-GCCGCCGCCGCCGCS	PTF1A_HUMAN.H11MO.0.B	3	0.00260065	1.9999	0.149833	15	GCCGCCGCCGCCGCC	CCAGCTGCCCCCTTTCCC	+
1-GCCGCCGCCGCCGCS	MYOG_HUMAN.H11MO.0.B	-1	0.00276977	2.12995	0.153667	13	GCCGCCGCCGCCGCC	CCGCAGCTGTCCC	+
1-GCCGCCGCCGCCGCS	THAP1_HUMAN.H11MO.0.C	1	0.00317448	2.44118	0.159842	15	GCCGCCGCCGCCGCC	CGCCGCCATCTTGGCTGCGGGC	+
1-GCCGCCGCCGCCGCS	KLF6_HUMAN.H11MO.0.A	2	0.00318589	2.44995	0.159842	15	GCCGCCGCCGCCGCC	CCCCCGGCCCCGCCCTTCC	-
1-GCCGCCGCCGCCGCS	AP2D_HUMAN.H11MO.0.D	-2	0.00322458	2.4797	0.159842	13	GCCGCCGCCGCCGCC	CGCCCGAGGCGCGT	+
1-GCCGCCGCCGCCGCS	ARNT2_HUMAN.H11MO.0.D	0	0.0033079	2.54377	0.159842	12	GCCGCCGCCGCCGCC	GCCTCCCACGCC	-
1-GCCGCCGCCGCCGCS	EGR2_HUMAN.H11MO.0.A	1	0.00365449	2.8103	0.165887	15	GCCGCCGCCGCCGCC	CCCCTCCCACACCCCCCC	-
1-GCCGCCGCCGCCGCS	ZN335_HUMAN.H11MO.0.A	4	0.00430166	3.30798	0.189521	15	GCCGCCGCCGCCGCC	GGCTGTCCTCGGCGCTGCCTGA	+
1-GCCGCCGCCGCCGCS	HEN1_HUMAN.H11MO.0.C	3	0.00459325	3.53221	0.192724	15	GCCGCCGCCGCCGCC	AGGGACGCAGCTGCTCCCCA	-
1-GCCGCCGCCGCCGCS	USF2_HUMAN.H11MO.0.A	-2	0.00463168	3.56176	0.192724	13	GCCGCCGCCGCCGCC	CGCCGCGGCCACGTGACCC	-
1-GCCGCCGCCGCCGCS	ZN219_HUMAN.H11MO.0.D	0	0.0049374	3.79686	0.199893	12	GCCGCCGCCGCCGCC	TCCGCCCCCCTC	-
1-GCCGCCGCCGCCGCS	ZN740_HUMAN.H11MO.0.D	0	0.00546083	4.19938	0.215266	14	GCCGCCGCCGCCGCC	CCCACCCCCCCCCC	-
1-GCCGCCGCCGCCGCS	GABPA_HUMAN.H11MO.0.A	-1	0.00632434	4.86342	0.242913	14	GCCGCCGCCGCCGCC	CCACTTCCGGTTCC	-
1-GCCGCCGCCGCCGCS	VEZF1_HUMAN.H11MO.0.C	1	0.00721871	5.55119	0.26374	15	GCCGCCGCCGCCGCC	CCCCTCCCCCTCCCCCCTCCCC	-
1-GCCGCCGCCGCCGCS	MAZ_HUMAN.H11MO.1.A	-4	0.00782359	6.01634	0.279034	11	GCCGCCGCCGCCGCC	CCCCCTCCCTC	-
1-GCCGCCGCCGCCGCS	TBX1_HUMAN.H11MO.0.D	3	0.00852358	6.55463	0.293686	15	GCCGCCGCCGCCGCC	CCGCCCACCCCTGCCCACCC	-
1-GCCGCCGCCGCCGCS	CTCFL_HUMAN.H11MO.0.A	2	0.00862652	6.63379	0.293686	15	GCCGCCGCCGCCGCC	CGGCGCCCCCTGGCGGC	-
1-GCCGCCGCCGCCGCS	ZN341_HUMAN.H11MO.0.C	6	0.00896337	6.89283	0.298372	15	GCCGCCGCCGCCGCC	GCTCTTCCCTCCCCCCCCCCCC	-
1-GCCGCCGCCGCCGCS	ZBT17_HUMAN.H11MO.0.A	4	0.00918969	7.06687	0.299256	15	GCCGCCGCCGCCGCC	CTTCCCCTCCCCCACCCTC	-
1-GCCGCCGCCGCCGCS	KLF12_HUMAN.H11MO.0.C	-4	0.00954453	7.33974	0.304198	11	GCCGCCGCCGCCGCC	GCCCCGCCCCT	-
1-GCCGCCGCCGCCGCS	RFX1_HUMAN.H11MO.0.B	0	0.00997483	7.67065	0.311289	15	GCCGCCGCCGCCGCC	GCCCCGGTTGCCATGGCGACGG	+
1-GCCGCCGCCGCCGCS	ZN263_HUMAN.H11MO.0.A	4	0.0109035	8.38475	0.333064	15	GCCGCCGCCGCCGCC	CTCCTCCTCTCCCTCCTCCC	-
1-GCCGCCGCCGCCGCS	ZN281_HUMAN.H11MO.0.A	-1	0.0111173	8.54917	0.333064	14	GCCGCCGCCGCCGCC	TCCCCTCCCCCACCC	-
1-GCCGCCGCCGCCGCS	MAZ_HUMAN.H11MO.0.A	7	0.0118959	9.14798	0.340446	15	GCCGCCGCCGCCGCC	CCCCCCCCCCCCCCCCTCCCCC	-
1-GCCGCCGCCGCCGCS	E2F6_HUMAN.H11MO.0.A	-1	0.0120617	9.27545	0.340446	13	GCCGCCGCCGCCGCC	CCCTTCCCGCCCC	-
1-GCCGCCGCCGCCGCS	BHA15_HUMAN.H11MO.0.B	0	0.0125	9.61251	0.340446	11	GCCGCCGCCGCCGCC	CCAGCTGCTGC	-
1-GCCGCCGCCGCCGCS	ZN263_HUMAN.H11MO.1.A	-1	0.0125	9.61251	0.340446	11	GCCGCCGCCGCCGCC	CCTCCTCCCTC	-
1-GCCGCCGCCGCCGCS	E2F7_HUMAN.H11MO.0.B	-1	0.0129533	9.96107	0.346491	13	GCCGCCGCCGCCGCC	CCTTTCCCGCCCC	-
2-AAAAAAAAAGAAA	CPEB1_HUMAN.H11MO.0.D	2	1.69056e-06	0.00130004	0.0025324	13	AAAAAAAAAGAAA	AAAAAAAAAAATAAAAA	-
2-AAAAAAAAAGAAA	PRDM6_HUMAN.H11MO.0.C	0	2.30456e-05	0.0177221	0.0172607	13	AAAAAAAAAGAAA	AAAAAGAAAAAAA	+
2-AAAAAAAAAGAAA	ANDR_HUMAN.H11MO.0.A	4	6.14979e-05	0.0472919	0.0307071	13	AAAAAAAAAGAAA	AGCAAACAAAAAAGAACA	-
2-AAAAAAAAAGAAA	FUBP1_HUMAN.H11MO.0.D	0	9.36361e-05	0.0720061	0.0350658	12	AAAAAAAAAGAAA	AAAAAAACACAA	-
2-AAAAAAAAAGAAA	FOXG1_HUMAN.H11MO.0.D	0	0.000158855	0.122159	0.0475916	13	AAAAAAAAAGAAA	AAAAAAATATAAACAAT	-
2-AAAAAAAAAGAAA	STAT1_HUMAN.H11MO.1.A	-1	0.000196848	0.151376	0.0491451	12	AAAAAAAAAGAAA	AAGAAAATGAAACTGAAAG	+
2-AAAAAAAAAGAAA	NFAC1_HUMAN.H11MO.0.B	2	0.000286133	0.220036	0.0612308	13	AAAAAAAAAGAAA	ATGGAAAAAAAGAAA	+
2-AAAAAAAAAGAAA	FOXJ3_HUMAN.H11MO.0.A	0	0.000362717	0.278929	0.0679169	13	AAAAAAAAAGAAA	AAAAAATAAACAA	-
2-AAAAAAAAAGAAA	SOX2_HUMAN.H11MO.0.A	0	0.000457365	0.351714	0.0761238	13	AAAAAAAAAGAAA	GAGAACAAAGGGA	-
2-AAAAAAAAAGAAA	FOXL1_HUMAN.H11MO.0.D	0	0.000509018	0.391435	0.0762488	13	AAAAAAAAAGAAA	AAAAGTAAACAAACAAACA	-
2-AAAAAAAAAGAAA	SOX10_HUMAN.H11MO.1.A	0	0.000572556	0.440296	0.0779696	13	AAAAAAAAAGAAA	GAGAACAAAGGAA	-
2-AAAAAAAAAGAAA	ANDR_HUMAN.H11MO.2.A	0	0.000698823	0.537395	0.0820463	12	AAAAAAAAAGAAA	AAAAGAACAGAG	-
2-AAAAAAAAAGAAA	FOXJ3_HUMAN.H11MO.1.B	0	0.000712037	0.547556	0.0820463	13	AAAAAAAAAGAAA	TAAACAAAAACAA	-
2-AAAAAAAAAGAAA	STAT2_HUMAN.H11MO.0.A	-1	0.000806665	0.620325	0.0863108	12	AAAAAAAAAGAAA	AGGAAAATGAAACTGAAAG	+
2-AAAAAAAAAGAAA	ZIM3_HUMAN.H11MO.0.C	1	0.000926249	0.712286	0.0867817	13	AAAAAAAAAGAAA	GCAAGCAACAGAAACCCAA	-
2-AAAAAAAAAGAAA	ZFP28_HUMAN.H11MO.0.C	2	0.000956409	0.735479	0.0867817	13	AAAAAAAAAGAAA	TGACACAAGAAGAAATAGAA	-
2-AAAAAAAAAGAAA	MEF2B_HUMAN.H11MO.0.A	0	0.000984866	0.757362	0.0867817	13	AAAAAAAAAGAAA	CCAAAAATAGCAAC	-
2-AAAAAAAAAGAAA	SRY_HUMAN.H11MO.0.B	0	0.00127843	0.983115	0.102482	9	AAAAAAAAAGAAA	AAAACAAAA	-
2-AAAAAAAAAGAAA	GATA3_HUMAN.H11MO.0.A	-1	0.00129987	0.999599	0.102482	11	AAAAAAAAAGAAA	AAAGATAAGAA	+
2-AAAAAAAAAGAAA	IRF1_HUMAN.H11MO.0.A	3	0.00150895	1.16038	0.113017	13	AAAAAAAAAGAAA	GAAAATGAAAGTGAAAGTAA	+
2-AAAAAAAAAGAAA	ONEC3_HUMAN.H11MO.0.D	-1	0.00175603	1.35038	0.124979	12	AAAAAAAAAGAAA	AAAAAATCAATA	-
2-AAAAAAAAAGAAA	SOX4_HUMAN.H11MO.0.B	0	0.00183552	1.41151	0.124979	12	AAAAAAAAAGAAA	GAGAACAAAGGA	-
2-AAAAAAAAAGAAA	FOXO1_HUMAN.H11MO.0.A	0	0.00228032	1.75357	0.148514	12	AAAAAAAAAGAAA	AGTAAACAGGAA	-
2-AAAAAAAAAGAAA	ZN713_HUMAN.H11MO.0.D	1	0.00245505	1.88793	0.153232	13	AAAAAAAAAGAAA	ATAGAAAAAAGACACGAAA	+
2-AAAAAAAAAGAAA	HMX1_HUMAN.H11MO.0.D	3	0.00274501	2.11091	0.159739	13	AAAAAAAAAGAAA	ATTAAAAAGCAATTAAC	-
2-AAAAAAAAAGAAA	ZN394_HUMAN.H11MO.0.C	2	0.00277258	2.13212	0.159739	13	AAAAAAAAAGAAA	AGAATGGAATAGAATGGAAT	+
2-AAAAAAAAAGAAA	IRF3_HUMAN.H11MO.0.B	3	0.00327182	2.51603	0.177089	13	AAAAAAAAAGAAA	GAAAGGGAAAGGGAAAGTGA	+
2-AAAAAAAAAGAAA	GCR_HUMAN.H11MO.1.A	-1	0.00331016	2.54552	0.177089	12	AAAAAAAAAGAAA	AAAGAACAGAAT	+
2-AAAAAAAAAGAAA	BPTF_HUMAN.H11MO.0.D	-1	0.00403734	3.10471	0.205114	12	AAAAAAAAAGAAA	GAACACAACAAA	-
2-AAAAAAAAAGAAA	HXC10_HUMAN.H11MO.0.D	6	0.00416053	3.19945	0.205114	13	AAAAAAAAAGAAA	GTAATAAAAAAATTAAAAA	-
2-AAAAAAAAAGAAA	MSX1_HUMAN.H11MO.0.D	2	0.00424479	3.26424	0.205114	13	AAAAAAAAAGAAA	CCAATTAAAAACCAATTA	-
2-AAAAAAAAAGAAA	RUNX2_HUMAN.H11MO.0.A	1	0.00477422	3.67137	0.223487	13	AAAAAAAAAGAAA	ACAAACCACAGACA	-
2-AAAAAAAAAGAAA	MEF2A_HUMAN.H11MO.0.A	1	0.0049319	3.79263	0.223872	12	AAAAAAAAAGAAA	GCTAAAAATAGAA	-
2-AAAAAAAAAGAAA	HOMEZ_HUMAN.H11MO.0.D	-1	0.0052349	4.02564	0.22966	12	AAAAAAAAAGAAA	AAAAAAACGATTTTT	-
2-AAAAAAAAAGAAA	LEF1_HUMAN.H11MO.0.A	-2	0.00536604	4.12649	0.22966	11	AAAAAAAAAGAAA	AGCAAATCAAAGGA	-
2-AAAAAAAAAGAAA	FOXF1_HUMAN.H11MO.0.D	-1	0.00577091	4.43783	0.240127	11	AAAAAAAAAGAAA	AAAATAAACAT	-
2-AAAAAAAAAGAAA	FOXO4_HUMAN.H11MO.0.C	0	0.0060989	4.69006	0.246095	9	AAAAAAAAAGAAA	AATAAACAA	-
2-AAAAAAAAAGAAA	SPI1_HUMAN.H11MO.0.A	-2	0.00624291	4.8008	0.246095	11	AAAAAAAAAGAAA	AAAAAGAGGAAGTGAAA	+
2-AAAAAAAAAGAAA	SPIB_HUMAN.H11MO.0.A	-2	0.00648869	4.9898	0.249225	11	AAAAAAAAAGAAA	AAAAAGAGGAAGTGAAA	+
2-AAAAAAAAAGAAA	FOXD3_HUMAN.H11MO.0.D	2	0.00686046	5.27569	0.256917	13	AAAAAAAAAGAAA	TGCTAAGTAAACAAA	-
2-AAAAAAAAAGAAA	VENTX_HUMAN.H11MO.0.D	0	0.00773025	5.94456	0.277351	13	AAAAAAAAAGAAA	AATTAGAAACCAATTAGCG	-
2-AAAAAAAAAGAAA	CUX2_HUMAN.H11MO.0.D	-1	0.0077764	5.98005	0.277351	11	AAAAAAAAAGAAA	AAATCAATGAA	+
2-AAAAAAAAAGAAA	ONEC2_HUMAN.H11MO.0.D	-1	0.00830883	6.38949	0.289449	12	AAAAAAAAAGAAA	AAAAAAAATCAATAACAAGAC	-
2-AAAAAAAAAGAAA	IRF2_HUMAN.H11MO.0.A	3	0.00870481	6.694	0.291245	13	AAAAAAAAAGAAA	GAAAGTGAAAGTGAAAGTAA	+
2-AAAAAAAAAGAAA	MEF2D_HUMAN.H11MO.0.A	0	0.00874926	6.72818	0.291245	12	AAAAAAAAAGAAA	CTAAAAATAGCA	-
2-AAAAAAAAAGAAA	FEZF1_HUMAN.H11MO.0.C	-2	0.00909427	6.99349	0.294071	11	AAAAAAAAAGAAA	AAAAAGAGCAGC	-
2-AAAAAAAAAGAAA	MEF2C_HUMAN.H11MO.0.A	1	0.00922679	7.0954	0.294071	12	AAAAAAAAAGAAA	GCTAAAAATAGCA	-
2-AAAAAAAAAGAAA	HNF6_HUMAN.H11MO.0.B	-2	0.0111662	8.58681	0.348469	11	AAAAAAAAAGAAA	AAATCAATAAA	-
2-AAAAAAAAAGAAA	MYNN_HUMAN.H11MO.0.D	4	0.011457	8.81042	0.350247	13	AAAAAAAAAGAAA	TTTCAAAATAAAAGTCC	-
2-AAAAAAAAAGAAA	PRGR_HUMAN.H11MO.1.A	-3	0.0127695	9.81977	0.357725	9	AAAAAAAAAGAAA	AGAACAGAA	+
2-AAAAAAAAAGAAA	EVI1_HUMAN.H11MO.0.B	3	0.012819	9.85778	0.357725	13	AAAAAAAAAGAAA	AAGATAAGATAAGATA	+
3-GGCTGAGGCAGGA	ZN770_HUMAN.H11MO.0.C	4	1.19646e-07	9.20077e-05	0.000177919	13	GGCTGAGGCAGGA	GGGAGGCTGAGGCGGGAGGATC	+
3-GGCTGAGGCAGGA	ZSC22_HUMAN.H11MO.0.C	1	9.58692e-06	0.00737234	0.0071281	13	GGCTGAGGCAGGA	GGTCTGAGGGAGGAGG	+
3-GGCTGAGGCAGGA	MAFK_HUMAN.H11MO.1.A	0	7.50786e-05	0.0577355	0.0372151	13	GGCTGAGGCAGGA	TGCTGAGTCAGCA	+
3-GGCTGAGGCAGGA	MAFB_HUMAN.H11MO.0.B	-2	0.000315075	0.242293	0.113296	11	GGCTGAGGCAGGA	CTGAGTCAGCA	-
3-GGCTGAGGCAGGA	MAF_HUMAN.H11MO.0.A	1	0.000577532	0.444122	0.113296	13	GGCTGAGGCAGGA	TTGCTGAGTCAGCAGATTC	-
3-GGCTGAGGCAGGA	MAFK_HUMAN.H11MO.0.A	5	0.000670143	0.51534	0.113296	13	GGCTGAGGCAGGA	AAAATTGCTGAGTCAGCA	+
3-GGCTGAGGCAGGA	MAFG_HUMAN.H11MO.0.A	0	0.000670143	0.51534	0.113296	13	GGCTGAGGCAGGA	TGCTGAGTCAGCAATTTT	-
3-GGCTGAGGCAGGA	NRL_HUMAN.H11MO.0.D	0	0.000719738	0.553478	0.113296	11	GGCTGAGGCAGGA	TGCTGACGCAG	+
3-GGCTGAGGCAGGA	MAFF_HUMAN.H11MO.0.B	0	0.000737002	0.566755	0.113296	13	GGCTGAGGCAGGA	TGCTGAGTCAGCATTTTT	+
3-GGCTGAGGCAGGA	ZN554_HUMAN.H11MO.1.D	-1	0.000761887	0.585891	0.113296	9	GGCTGAGGCAGGA	GCAGAGCCA	+
3-GGCTGAGGCAGGA	BACH1_HUMAN.H11MO.0.A	0	0.000895776	0.688852	0.11331	13	GGCTGAGGCAGGA	TGCTGAGTCATGC	+
3-GGCTGAGGCAGGA	ZN148_HUMAN.H11MO.0.D	1	0.00151989	1.16879	0.13295	13	GGCTGAGGCAGGA	GGGGTGGGGGAGGGG	+
3-GGCTGAGGCAGGA	ZN257_HUMAN.H11MO.0.C	-3	0.00162969	1.25323	0.13378	10	GGCTGAGGCAGGA	AGAGGCAAGAGC	-
3-GGCTGAGGCAGGA	KLF5_HUMAN.H11MO.0.A	1	0.00171071	1.31553	0.13378	13	GGCTGAGGCAGGA	AGGGTGGGGCTGGG	+
3-GGCTGAGGCAGGA	ZFX_HUMAN.H11MO.1.A	3	0.00181119	1.3928	0.13378	13	GGCTGAGGCAGGA	GGGGGCGGAGGCCGGGG	+
3-GGCTGAGGCAGGA	ZN281_HUMAN.H11MO.0.A	0	0.00194984	1.49943	0.13378	13	GGCTGAGGCAGGA	GGGTGGGGGAGGGGA	+
3-GGCTGAGGCAGGA	BACH2_HUMAN.H11MO.0.A	0	0.0021346	1.64151	0.138011	11	GGCTGAGGCAGGA	TGCTGAGTCAT	+
3-GGCTGAGGCAGGA	ZBT17_HUMAN.H11MO.0.A	2	0.00299178	2.30068	0.17244	13	GGCTGAGGCAGGA	GAGGGTGGGGGAGGGGAAG	+
3-GGCTGAGGCAGGA	CEBPG_HUMAN.H11MO.0.B	0	0.00304367	2.34058	0.17244	12	GGCTGAGGCAGGA	GGATGATGCAAT	-
3-GGCTGAGGCAGGA	OSR2_HUMAN.H11MO.0.C	1	0.00387065	2.97653	0.205565	13	GGCTGAGGCAGGA	CAGCAGAAGCAGCAGC	-
3-GGCTGAGGCAGGA	ATF4_HUMAN.H11MO.0.A	0	0.00419677	3.22731	0.206544	12	GGCTGAGGCAGGA	AGATGATGCAAT	+
3-GGCTGAGGCAGGA	MAFF_HUMAN.H11MO.1.B	0	0.00425376	3.27114	0.206544	9	GGCTGAGGCAGGA	TGCTGAGTC	+
3-GGCTGAGGCAGGA	ZN263_HUMAN.H11MO.1.A	-4	0.00430575	3.31112	0.206544	9	GGCTGAGGCAGGA	GAGGGAGGAGG	+
3-GGCTGAGGCAGGA	ZN418_HUMAN.H11MO.0.C	0	0.00446571	3.43413	0.207523	13	GGCTGAGGCAGGA	GGAAGAGGCTAAAAGCA	-
3-GGCTGAGGCAGGA	SP4_HUMAN.H11MO.0.A	8	0.00594908	4.57485	0.263717	12	GGCTGAGGCAGGA	GGGAAGGGGGCGGGGCCGGG	+
3-GGCTGAGGCAGGA	NFE2_HUMAN.H11MO.0.A	0	0.00602966	4.63681	0.263717	13	GGCTGAGGCAGGA	GCATGACTCAGCA	+
3-GGCTGAGGCAGGA	ZN263_HUMAN.H11MO.0.A	1	0.00671643	5.16493	0.276025	13	GGCTGAGGCAGGA	GGGAGGAGGGAGAGGAGGAG	+
3-GGCTGAGGCAGGA	KLF1_HUMAN.H11MO.0.A	1	0.00677612	5.21084	0.276025	13	GGCTGAGGCAGGA	GGGGCGGGGCCGGG	+
3-GGCTGAGGCAGGA	FOSL1_HUMAN.H11MO.0.A	0	0.00686792	5.28143	0.276025	12	GGCTGAGGCAGGA	GGATGAGTCACC	+
3-GGCTGAGGCAGGA	AP2D_HUMAN.H11MO.0.D	1	0.00729567	5.61037	0.2855	13	GGCTGAGGCAGGA	CGCCCGAGGCGCGT	+
3-GGCTGAGGCAGGA	KLF6_HUMAN.H11MO.0.A	4	0.00790306	6.07745	0.300344	13	GGCTGAGGCAGGA	GGAAGGGCGGGGCCGGGGG	+
3-GGCTGAGGCAGGA	WT1_HUMAN.H11MO.1.B	-4	0.00847712	6.5189	0.300344	9	GGCTGAGGCAGGA	GTGGGAGGAGG	+
3-GGCTGAGGCAGGA	ZN768_HUMAN.H11MO.0.C	2	0.00854183	6.56866	0.300344	13	GGCTGAGGCAGGA	GAGGCTCAGAGAGGTTAAGT	+
3-GGCTGAGGCAGGA	EGR1_HUMAN.H11MO.0.A	3	0.00877367	6.74695	0.300344	13	GGCTGAGGCAGGA	GAGGGCGTGGGCGGGGG	+
3-GGCTGAGGCAGGA	RXRA_HUMAN.H11MO.0.A	0	0.00888708	6.83417	0.300344	13	GGCTGAGGCAGGA	GGGGGAGGCAGAGGTCAGAG	+
3-GGCTGAGGCAGGA	ZN341_HUMAN.H11MO.0.C	7	0.0088993	6.84356	0.300344	13	GGCTGAGGCAGGA	GGGGGGGGGGGGAGGGAAGAGC	+
3-GGCTGAGGCAGGA	AP2C_HUMAN.H11MO.0.A	3	0.00940956	7.23595	0.304184	11	GGCTGAGGCAGGA	ATGCCCTGAGGCCA	+
3-GGCTGAGGCAGGA	ARNT2_HUMAN.H11MO.0.D	-1	0.0102812	7.90628	0.325291	12	GGCTGAGGCAGGA	GGCGTGGGAGGC	+
3-GGCTGAGGCAGGA	ZN554_HUMAN.H11MO.0.C	-1	0.0112313	8.63686	0.329297	12	GGCTGAGGCAGGA	GCTGAGCCATGTGGGGTGCT	+
3-GGCTGAGGCAGGA	MAFG_HUMAN.H11MO.1.A	0	0.0115349	8.87033	0.329297	8	GGCTGAGGCAGGA	TGCTGAGT	+
3-GGCTGAGGCAGGA	PAX6_HUMAN.H11MO.0.C	-1	0.0115537	8.88478	0.329297	12	GGCTGAGGCAGGA	AGTCAAGCGGAA	-
3-GGCTGAGGCAGGA	WT1_HUMAN.H11MO.0.C	0	0.0116703	8.97448	0.329297	13	GGCTGAGGCAGGA	GGGCGGGGGAGGAGGGGGGG	+
3-GGCTGAGGCAGGA	PATZ1_HUMAN.H11MO.0.C	2	0.0117365	9.02538	0.329297	13	GGCTGAGGCAGGA	GGGGAGGGGGCGGGGGGGGAGG	+
3-GGCTGAGGCAGGA	SP3_HUMAN.H11MO.0.B	7	0.0125928	9.68385	0.345254	13	GGCTGAGGCAGGA	GGGGGGGGGCGGGGCCGGGG	+
3-GGCTGAGGCAGGA	EGR2_HUMAN.H11MO.0.A	4	0.0127696	9.8198	0.345254	13	GGCTGAGGCAGGA	GGGGGGGTGTGGGAGGGG	+
4-CGCGCCGCCGCCC	EGR4_HUMAN.H11MO.0.D	-1	4.23312e-05	0.0325527	0.0342541	11	CGCGCCGCCGCCC	GCCCTGCCGCC	-
4-CGCGCCGCCGCCC	KLF1_HUMAN.H11MO.0.A	0	0.000109474	0.0841853	0.0342541	13	CGCGCCGCCGCCC	CCCGGCCCCGCCCC	-
4-CGCGCCGCCGCCC	SP1_HUMAN.H11MO.1.A	1	0.000109474	0.0841853	0.0342541	13	CGCGCCGCCGCCC	CGGCCCCGCCCCCC	-
4-CGCGCCGCCGCCC	SP2_HUMAN.H11MO.0.A	2	0.00013063	0.100454	0.0342541	13	CGCGCCGCCGCCC	CCCCCGGCCCCGCCCCCCCCCC	-
4-CGCGCCGCCGCCC	AP2D_HUMAN.H11MO.0.D	1	0.000149069	0.114634	0.0342541	13	CGCGCCGCCGCCC	ACGCGCCTCGGGCG	-
4-CGCGCCGCCGCCC	KLF3_HUMAN.H11MO.0.B	0	0.000153821	0.118289	0.0342541	13	CGCGCCGCCGCCC	CCCGGCCCCGCCCCTCCCC	-
4-CGCGCCGCCGCCC	SP3_HUMAN.H11MO.0.B	4	0.000158	0.121502	0.0342541	13	CGCGCCGCCGCCC	CCCCGGCCCCGCCCCCCCCC	-
4-CGCGCCGCCGCCC	SP2_HUMAN.H11MO.1.B	-1	0.000237057	0.182297	0.0420608	12	CGCGCCGCCGCCC	GCCCCGCCCCCT	-
4-CGCGCCGCCGCCC	SP1_HUMAN.H11MO.0.A	6	0.00024944	0.191819	0.0420608	13	CGCGCCGCCGCCC	CCCCCCCCCGGCCCCGCCCCCC	-
4-CGCGCCGCCGCCC	PAX5_HUMAN.H11MO.0.A	4	0.000368077	0.283051	0.0508469	13	CGCGCCGCCGCCC	GTCACGCTCTGCTGCCCAGGC	-
4-CGCGCCGCCGCCC	PATZ1_HUMAN.H11MO.0.C	8	0.000368556	0.28342	0.0508469	13	CGCGCCGCCGCCC	CCTCCCCCCCCGCCCCCTCCCC	-
4-CGCGCCGCCGCCC	EGR1_HUMAN.H11MO.0.A	2	0.000472028	0.362989	0.0596953	13	CGCGCCGCCGCCC	CCCCCGCCCACGCCCTC	-
4-CGCGCCGCCGCCC	KLF6_HUMAN.H11MO.0.A	2	0.000845784	0.650408	0.0987348	13	CGCGCCGCCGCCC	CCCCCGGCCCCGCCCTTCC	-
4-CGCGCCGCCGCCC	TAF1_HUMAN.H11MO.0.A	-1	0.00114968	0.884102	0.116467	12	CGCGCCGCCGCCC	CCGCCGCCGCCATCTT	-
4-CGCGCCGCCGCCC	KLF16_HUMAN.H11MO.0.D	4	0.00121325	0.932986	0.116467	13	CGCGCCGCCGCCC	CCCCCCCCCCCCCGCCCCC	-
4-CGCGCCGCCGCCC	ZN148_HUMAN.H11MO.0.D	1	0.00122791	0.944265	0.116467	13	CGCGCCGCCGCCC	CCCCTCCCCCACCCC	-
4-CGCGCCGCCGCCC	EGR2_HUMAN.H11MO.1.A	2	0.001362	1.04737	0.121585	13	CGCGCCGCCGCCC	CCCCCGCCCACGCCCC	-
4-CGCGCCGCCGCCC	SP4_HUMAN.H11MO.1.A	1	0.00148185	1.13954	0.124935	13	CGCGCCGCCGCCC	CGGCCCCGCCCCCTCC	-
4-CGCGCCGCCGCCC	ZN335_HUMAN.H11MO.0.A	7	0.00191581	1.47326	0.153022	13	CGCGCCGCCGCCC	GGCTGTCCTCGGCGCTGCCTGA	+
4-CGCGCCGCCGCCC	ZN281_HUMAN.H11MO.0.A	2	0.00213596	1.64255	0.162075	13	CGCGCCGCCGCCC	TCCCCTCCCCCACCC	-
4-CGCGCCGCCGCCC	KLF12_HUMAN.H11MO.0.C	-1	0.00230922	1.77579	0.16401	11	CGCGCCGCCGCCC	GCCCCGCCCCT	-
4-CGCGCCGCCGCCC	TBX1_HUMAN.H11MO.0.D	3	0.00238426	1.8335	0.16401	13	CGCGCCGCCGCCC	CCGCCCACCCCTGCCCACCC	-
4-CGCGCCGCCGCCC	SP4_HUMAN.H11MO.0.A	0	0.00248567	1.91148	0.16401	13	CGCGCCGCCGCCC	CCCGGCCCCGCCCCCTTCCC	-
4-CGCGCCGCCGCCC	KLF14_HUMAN.H11MO.0.D	-1	0.00284223	2.18567	0.173665	12	CGCGCCGCCGCCC	GCCACGCCCCCCT	-
4-CGCGCCGCCGCCC	KLF9_HUMAN.H11MO.0.C	3	0.00287027	2.20724	0.173665	12	CGCGCCGCCGCCC	GGCCACGCCCCCTCC	-
4-CGCGCCGCCGCCC	ZFX_HUMAN.H11MO.1.A	2	0.00307823	2.36716	0.173665	13	CGCGCCGCCGCCC	CCCCGGCCTCCGCCCCC	-
4-CGCGCCGCCGCCC	WT1_HUMAN.H11MO.0.C	7	0.0031876	2.45126	0.173665	13	CGCGCCGCCGCCC	CCCCCCCTCCTCCCCCGCCC	-
4-CGCGCCGCCGCCC	TBX15_HUMAN.H11MO.0.D	2	0.00320417	2.46401	0.173665	13	CGCGCCGCCGCCC	CCCCCACCCCCCCCCCCCC	-
4-CGCGCCGCCGCCC	ZN740_HUMAN.H11MO.0.D	0	0.0050381	3.8743	0.254828	13	CGCGCCGCCGCCC	CCCACCCCCCCCCC	-
4-CGCGCCGCCGCCC	ZBT17_HUMAN.H11MO.0.A	4	0.00504824	3.8821	0.254828	13	CGCGCCGCCGCCC	CTTCCCCTCCCCCACCCTC	-
4-CGCGCCGCCGCCC	EGR2_HUMAN.H11MO.0.A	1	0.00520541	4.00296	0.254828	13	CGCGCCGCCGCCC	CCCCTCCCACACCCCCCC	-
4-CGCGCCGCCGCCC	ZN770_HUMAN.H11MO.1.C	-2	0.00617019	4.74488	0.292619	11	CGCGCCGCCGCCC	CTCAGCCTCCC	-
4-CGCGCCGCCGCCC	MYOG_HUMAN.H11MO.0.B	-1	0.0069245	5.32494	0.31844	12	CGCGCCGCCGCCC	CCGCAGCTGTCCC	+
4-CGCGCCGCCGCCC	MXI1_HUMAN.H11MO.0.A	0	0.00796087	6.12191	0.344377	13	CGCGCCGCCGCCC	CCCGCCGCCACGTGC	-
4-CGCGCCGCCGCCC	ZN219_HUMAN.H11MO.0.D	-3	0.00802943	6.17463	0.344377	10	CGCGCCGCCGCCC	TCCGCCCCCCTC	-
4-CGCGCCGCCGCCC	USF2_HUMAN.H11MO.0.A	6	0.00816927	6.28217	0.344377	13	CGCGCCGCCGCCC	GGGTCACGTGGCCGCGGCG	+
4-CGCGCCGCCGCCC	ETV1_HUMAN.H11MO.0.A	-2	0.00848836	6.52755	0.348158	11	CGCGCCGCCGCCC	CACTTCCGGCC	-
4-CGCGCCGCCGCCC	ZIC4_HUMAN.H11MO.0.D	2	0.00888894	6.8356	0.354994	13	CGCGCCGCCGCCC	GACCCCCCGCTGTGC	-
4-CGCGCCGCCGCCC	MAZ_HUMAN.H11MO.1.A	-4	0.0115588	8.88873	0.449782	9	CGCGCCGCCGCCC	CCCCCTCCCTC	-
4-CGCGCCGCCGCCC	ZN770_HUMAN.H11MO.0.C	6	0.0120685	9.28067	0.457875	13	CGCGCCGCCGCCC	GATCCTCCCGCCTCAGCCTCCC	-

# Tomtom (Motif Comparison Tool): Version 5.5.3 compiled on Jun 15 2023 at 16:41:46
# The format of this file is described at https://meme-suite.org/meme/doc/tomtom-output-format.html.
# tomtom -no-ssc -oc . -verbosity 1 -min-overlap 5 -dist pearson -evalue -thresh 10.0 STREME.dyn_H3K4me3.H3K27me3.txt db/HUMAN/HOCOMOCOv11_full_HUMAN_mono_meme_format.meme
